"","Dim1","Dim2","r2","p","varname","type"
"NAVCR",0.88597501482173,-0.288384199139329,0.93172805753696,0.001,"NAVCR","diatom"
"NITPE",0.902014006065008,-0.196089117203336,0.923081908079141,0.001,"NITPE","diatom"
"PINSU",0.863947759241135,-0.206909656303978,0.888379050051051,0.001,"PINSU","diatom"
"PSEBR",0.710025632796519,-0.27565691755751,0.761658148663431,0.001,"PSEBR","diatom"
"SELAU",0.792956344600021,0.00242417056454598,0.792960050093542,0.001,"SELAU","diatom"
"MYX",-0.00725421199691745,0.613015182842295,0.613058103271516,0.001,"MYX","pigment"
"LUT",0.273611903423212,0.57647548787343,0.638112420983781,0.001,"LUT","pigment"
"ECH",0.478024878458128,0.38999150624251,0.616928812235422,0.001,"ECH","pigment"
"BCAR",0.300130246783926,0.584275024609497,0.65685269993889,0.001,"BCAR","pigment"
